nome;autonomia;codigo;velocidade;custoPorKm;capacidade
marq;20.0;1;1000.0;0.266;100000;0
marq;20.0;1;1000.0;0.266;100000;0
marquinhos;2000.0;13;120.0;0.00266;1000;0
msamdsm;1000.0;2;20000.0;0.00532;1000;0
msamdsm;1000.0;2;20000.0;0.00532;1000;0
teste;10.0;16;200.0;0.532;300;0
